Time,T1,T2,U1,U2,SP1,SP2
0,20.949499999999997,20.949499999999997,21.11613876319759,21.11613876319759,50.0,50.0
5.03,20.949499999999997,20.949499999999997,21.11613876319759,21.11613876319759,50.0,50.0
10.02,20.949499999999997,21.2718,21.11613876319759,21.11613876319759,50.0,50.0
15.04,21.2718,21.594099999999997,21.11613876319759,21.11613876319759,50.0,50.0
20.01,21.594099999999997,21.9164,21.11613876319759,21.11613876319759,50.0,50.0
25.01,22.238699999999998,22.238699999999998,21.11613876319759,21.11613876319759,50.0,50.0
30.05,22.561,22.8833,21.11613876319759,21.11613876319759,50.0,50.0
35.02,23.205599999999997,23.205599999999997,21.11613876319759,21.11613876319759,50.0,50.0
