Time,T1,T2,U1,U2,SP1,SP2
0,20.949499999999997,20.6272,21.11613876319759,21.11613876319759,50.0,50.0
5.01,20.949499999999997,20.949499999999997,21.11613876319759,21.11613876319759,50.0,50.0
10.02,20.949499999999997,21.2718,21.11613876319759,21.11613876319759,50.0,50.0
